"UserID","UserName","UserPassword","UserType","Status"
"U0001","EdwardSun","WuQObBAZk3","A","Access"
"U0002","BrianLee","0FAKvTWa","A","Access"
"U0003","JohnLin","mBwjtwympd","A","Access"
"U0004","DebbieWu","D4CoVPN","A","Access"
"U0005","JamesChung","iJZCeZvb24","A","Access"
"U0006","FreewayBureau","PeSMKaLP","V","Access"
"U0007","TatuhueiBus","BSuDT45PX","V","Access"
"U0008","HsinhsinBus","y501Hcc","V","Access"
"U0009","TayiuBus","DcFV98c","V","Access"
"U0010","TananBus","4p84KEC","V","Access"
"U0011","KuanghuaBus","ERdtHUa8kK","V","Access"
"U0012","ChunghsingBus","lMmga1PRk7","V","Access"
"U0013","ChihnanBus","8JbAGYA","V","Access"
"U0014","TaipeiBus","epiHED","V","Access"
"U0015","SanchungBus","Pj5IQqVNuj","V","Access"
"U0016","CapitolBus","AGstKZ","V","Access"
"U0017","XindianBus","mVVOe6Twe3","V","Access"
"U0018","HsinhoBus","Rkuqteq","V","Access"
"U0019","TanshueiBus","0jvVcB6Pk","V","Access"
"U0020","TungnanBus","RwkGgPzyo","V","Access"
"U0021","KeelungBus","icwiqrN","V","Access"
"U0022","JenniferZhang","p2Uc6qRG","U","Access"
"U0023","ShawnLin","BWveOCAC","U","Access"
"U0024","IsabellaWang","51boNEXY","U","Access"
"U0025","LoganMa","LmXbfHoH","U","Access"
"U0026","HaalaTsai","gjhNL3oDG","U","Access"
"U0027","TylerSun","GVjLsSj","U","Access"
"U0028","ReneeWu","0a9Q37LKq","U","Access"
"U0029","ZaaidaTsai","EZAv2ehk","U","Access"
"U0030","TalonCheng","Tir6IXB5A","U","Access"
"U0031","KyeYang","Fwlhx7x0yP","U","Access"
"U0032","KrystieWang","LMU2f0e6Ks","U","Access"
"U0033","AaronWang","6HHn6FbLt","U","Access"
"U0034","HannahTsai","cW8uYVeRdW","U","Access"
"U0035","NathanielSun","dIWDkd70Cq","U","Access"
"U0036","BrianKuo","eDrQtO","U","Access"
"U0037","SelenaYang","glx5on1","U","Access"
"U0038","BrendaSun","rZ9LQPYy5s","U","Access"
"U0039","JoshuaLi","MvNOGdi","U","Access"
"U0040","UmmuLin","feayNRlB","U","Access"
"U0041","AdhraaaYeh","Z5ATzXj8","U","Access"
"U0042","DanielleYeh","vzfmMH","U","Access"
"U0043","JusticeMa","A1obiw","U","Access"
"U0044","LabeebYeh","bToTFjo7","U","Access"
"U0045","TaylorTsai","HFwCwVo6tJ","U","Access"
"U0046","LuanneKuo","So2zGS","U","Access"
"U0047","BrittanyHo","a3PJadbrMz","U","Access"
"U0048","AnthonyWu","JU4Kxi","U","Access"
"U0049","KimberlyLi","bwTYX46FhW","U","Access"
"U0050","DevonLei","cMQTqGg","U","Access"
"U0051","TylerZhang","H5yDWnK","U","Access"
"U0052","SantyveWang","6Jpe7F4N","U","Access"
"U0053","MawzoonaYang","mREDxt50TG","U","Access"
"U0054","MikiChen","aW7i2RTO4","U","Access"
"U0055","EricaMa","MwohuXT","U","Access"
"U0056","MarissaZhang","wFoKK1yakh","U","Access"
"U0057","SamanthaLiu","wInzyDPZ","U","Access"
"U0058","MarandaYang","sb5Ua5Jl","U","Access"
"U0059","JacienTsai","B3LSmdhy2P","U","Access"
"U0060","SergioYeh","jocFRJ0w","U","Access"
"U0061","RickZhang","eJLMfP1AS9","U","Access"
"U0062","ChristianYang","MhdgaoXXh","U","Access"
"U0063","RebeccaKuo","VA7CrfnC3j","U","Access"
"U0064","KaraMa","ltfs16","U","Access"
"U0065","ShaakirWu","7vF9o6rv","U","Access"
"U0066","JanikaLei","ubxoJY","U","Access"
"U0067","MillardZhang","MzDyCZi","U","Access"
"U0068","SadoonLin","0paOMeqI9","U","Access"
"U0069","RaellLei","d6nvEOTpV","U","Access"
"U0070","NebenTsai","1VNbOaKUk","U","Access"
"U0071","BabaluYang","1ByCSFKp","U","Access"
"U0072","MarcusLei","Mp8Q5nvZqT","U","Access"
"U0073","LynnWu","RiUT4or5cJ","U","Access"
"U0074","JacquelineHuang","3NBup9U5AZ","U","Access"
"U0075","EllyMa","VpLbeYG","U","Access"
"U0076","SerenaTsai","uPbGEYvgbh","U","Access"
"U0077","AnaelodiYang","QL3ti5IgU","U","Access"
"U0078","MadisonTsai","1dJ4Yybm","U","Access"
"U0079","CalebKuo","xaCEnFTJG","U","Access"
"U0080","RabdaaLu","jJkCy8JmWY","U","Access"
"U0081","MaelynnHsu","OH07l5ZJPG","U","Access"
"U0082","AmirWang","eXP6iR4pv0","U","Access"
"U0083","SaamirMa","3ziLPJYz8P","U","Access"
"U0084","SarayaKuo","s8urXnGx3","U","Access"
"U0085","ZachariaZhang","swivd1N","U","Access"
"U0086","EmilyLi","FMVEY4h","U","Access"
"U0087","JeelaanTsai","Mwa2i1j","U","Access"
"U0088","EmmaleeMa","D6Bxqmhh","U","Access"
"U0089","RitchieChen","5JwLU2","U","Access"
"U0090","AhanabahZhang","FIgnc0VE","U","Access"
"U0091","BrittanyTsai","Gl3VRgIA","U","Access"
"U0092","LloydLei","E10n4q","U","Access"
"U0093","JosephWang","0Tps9CPz","U","Access"
"U0094","EaniceLu","3S9rxszXt","U","Access"
"U0095","RyanLei","CenP2RmH","U","Access"
"U0096","BrandonMa","ilxQl4","U","Access"
"U0097","DaejhaLu","jytpYM5Jz","U","Access"
"U0098","GregoryHuang","1xU3eqnEqM","U","Access"
"U0099","JasonSun","jzNkS1","U","Access"
"U0100","TerrenceWang","aG0HarBPQ","U","Access"
"U0101","MikkaylaHuang","kfRbjSXPJ","U","Access"
"U0102","TaylorLei","3OI8kH4","U","Access"
"U0103","AshleyYeh","wrkwGSe1","U","Access"
"U0104","RebeccaChen","nXCz00MXE","U","Access"
"U0105","ShakooraLin","sHLhfgN2","U","Access"
"U0106","JoseHo","buMxPFokI","U","Access"
"U0107","JosephineYang","IsdO6Q","U","Access"
"U0108","SheltonZhang","JyVsZdej","U","Access"
"U0109","EunCheng","aqp27Hpydf","U","Access"
"U0110","AlexanderChang","OXkkMwcp","U","Access"
"U0111","VictorLu","lrLvmO","U","Access"
"U0112","NikkiKuo","irjjvTecI","U","Access"
"U0113","SageSun","MUyt9IZCca","U","Access"
"U0114","FarajTsai","m8CAparF","U","Access"
"U0115","SayfaHuang","50k6Kz","U","Access"
"U0116","EmilyChen","MZP4Ejtyr9","U","Access"
"U0117","MichaelHuang","euy6LfzRve","U","Access"
"U0118","NatalieCheng","bqchtdX0R","U","Access"
"U0119","SiennaSun","idBKxNz0D","U","Access"
"U0120","BrennanKuo","tFgpHRbJgU","U","Access"
"U0121","DallasLin","IlzJNkKO","U","Access"
"U0122","PeterKuo","JQ6sFC","U","Access"
"U0123","BrandonYang","dDT33aSp","U","Access"
"U0124","TaniaLin","ZiVoUSW5","U","Access"
"U0125","LashawnHuang","lglrdfGy0","U","Access"
"U0126","KolbyCheng","ugvApglpkt","U","Access"
"U0127","JorgeHsu","1u3XAXWwNx","U","Access"
"U0128","NikomaHo","f5AGubOT","U","Access"
"U0129","TimothyYang","pKedOYE8w","U","Access"
"U0130","JustinHuang","h9RRLChV9a","U","Access"
"U0131","MarriahLu","YnK6cKnM","U","Access"
"U0132","YhaniqueLiu","I8iFzeJ","U","Access"
"U0133","KyleWu","M4i65twx","U","Access"
"U0134","LeslieLin","n11BHGe","U","Access"
"U0135","IsaamCheng","lY8bitoHu","U","Access"
"U0136","HenryYang","Xg5Ehv0ivq","U","Access"
"U0137","PaulLu","YwLlxd","U","Access"
"U0138","JoshuaChang","lw86o5vhC","U","Access"
"U0139","AlyssaHuang","eAGAzcfCRu","U","Access"
"U0140","KebremeskelHsu","HIcpvUkDOL","U","Access"
"U0141","TylerChang","o4ZgFJAKq","U","Access"
"U0142","KellySun","dbsr0jIs","U","Access"
"U0143","EsmeraldaWu","Uo4AHeN","U","Access"
"U0144","RachelYeh","qgGZOfn","U","Access"
"U0145","FareedHuang","hI0hRwQfQ1","U","Access"
"U0146","NikolasChang","tmjbFW9PNw","U","Access"
"U0147","RichardYang","T7kzGWgwcG","U","Access"
"U0148","ChristianLu","qhvOVllw","U","Access"
"U0149","AprilChang","vAk5byxLX8","U","Access"
"U0150","AaronYeh","PkCMfjpXp","U","Access"
"U0151","AabdeenLi","ViQNRjRiV","U","Access"
"U0152","SafwaHo","0UfWiTkt5T","U","Access"
"U0153","RafaelCheng","wGKmOvVDiu","U","Access"
"U0154","GilbertLin","PzPHDtXQ5Z","U","Access"
"U0155","MreenalCheng","gtVmrgaTV","U","Access"
"U0156","MikaylaHuang","qzulkzRpq","U","Access"
"U0157","MarissaYeh","MKSmwFHZ66","U","Access"
"U0158","AlaynahTsai","awsdmV","U","Access"
"U0159","SamanthaHsu","S1kcT1Q5oW","U","Access"
"U0160","JosefWang","vZskuCtpZz","U","Access"
"U0161","JacobTsai","n967u8","U","Access"
"U0162","AmadouZhang","BbfDpY","U","Access"
"U0163","SarahWu","hRx8LYD","U","Access"
"U0164","PaigeCheng","6vlWLfi","U","Access"
"U0165","ShuCheng","yX49revX0U","U","Access"
"U0166","JohnnieHuang","HrR29aLB27","U","Access"
"U0167","AndresYeh","gUKDyv9xzr","U","Denied"
"U0168","ImaniCheng","acdJob","U","Access"
"U0169","RaaniyaLin","1KLbs62TrQ","U","Access"
"U0170","ChristineYeh","o8MhRd4Jo5","U","Access"
"U0171","MollySun","YtlS42v","U","Access"
"U0172","WonYeh","Lspq5n2Ed","U","Access"
"U0173","JeffreyWang","8FCQkZ","U","Access"
"U0174","MakaylaHuang","LRTfXM9aY","U","Access"
"U0175","GhaaziLin","gvJgOF","U","Access"
"U0176","ShafeeqTsai","RKVxKsf","U","Access"
"U0177","HenryphuocHuang","v5k3T9jka","U","Access"
"U0178","TreyMa","AEYqmowfM","U","Access"
"U0179","ToshaCheng","ivFzcu","U","Access"
"U0180","CameronWu","S52kCnB","U","Access"
"U0181","AnnaSun","8LxyaEu","U","Access"
"U0182","KeairaHo","rnTKxWg1","U","Access"
"U0183","IsaiahKuo","wUC5Sc","U","Access"
"U0184","TachelleKuo","yjvgA1","U","Access"
"U0185","MirandaLi","dgZ7AOI","U","Access"
"U0186","MichaelKuo","V4RPZTt","U","Access"
"U0187","KyleLi","j6r4Qb","U","Access"
"U0188","TroyChen","EWbyTv","U","Access"
"U0189","KylieZhang","ATy2azQMv","U","Access"
"U0190","ConnorCheng","IocfcLog","U","Access"
"U0191","RobertCheng","7s1KSIs","U","Access"
"U0192","MuMa","SrJWw8Y","U","Access"
"U0193","JordanLu","vCZIXPqA","U","Access"
"U0194","EbonyChang","bMUuNEk6x","U","Access"
"U0195","MohammadWu","X4JEKC","U","Access"
"U0196","CaitlynKuo","G0vyAH","U","Access"
"U0197","DonovanYeh","1iNsffsJo","U","Access"
"U0198","ChristopherHsu","SyBVehtQ","U","Access"
"U0199","IsraaHo","l1VtL1","U","Access"
"U0200","AlphonzoKuo","xyn7AywpG","U","Access"
"U0201","KendallCheng","usGF4rKMfg","U","Access"
"U0202","BradenWang","MpGEc0AZt","U","Access"
"U0203","ChadChang","ag90Vx5","U","Denied"
"U0204","MorganChang","uuhEKRu","U","Access"
"U0205","DanielleLei","HW1ZvNNDY","U","Access"
"U0206","AlanaCheng","F935ii","U","Access"
"U0207","JuliaChang","vtDqjATsIi","U","Access"
"U0208","MawzoonaZhang","bNE0psIY","U","Access"
"U0209","AdelitaLei","q4ZhEv","U","Access"
"U0210","JohnLiu","oALmwg","U","Access"
"U0211","BriceLu","EQ2FiZC5e","U","Access"
"U0212","MichaelLiu","nwYumktBzH","U","Access"
"U0213","GabrielleHuang","s5ZrJdM","U","Access"
"U0214","KhaleelaLu","g4MysV","U","Access"
"U0215","JeanetteZhang","vjpdBv","U","Access"
"U0216","RifatWu","OdSfy7","U","Access"
"U0217","JoshuaLu","occUazU","U","Access"
"U0218","AlbertoHuang","0VNdZN","U","Denied"
"U0219","ErminioChen","ZZacXtOtb","U","Access"
"U0220","MartinWu","ozDIBxDnC","U","Access"
"U0221","NathanHo","wGqhSVb","U","Access"
"U0222","NajaatWu","zUCXq1fu","U","Access"
"U0223","HannahLin","Ng5zp9","U","Access"
"U0224","SunnyTsai","jgVNZWcQnX","U","Access"
"U0225","ScottLin","Dj39RFjQ","U","Access"
"U0226","RidaHsu","0VJVos6d9","U","Access"
"U0227","DomingoChang","nLJH1u","U","Access"
"U0228","JordanHo","yh4dmaF","U","Access"
"U0229","MazeedYeh","b5UUN5","U","Access"
"U0230","JeelaanYang","tDQnQxIbo8","U","Access"
"U0231","KennadyKuo","24gyT89P","U","Access"
"U0232","DyonLi","bPLG5Z","U","Access"
"U0233","JakeWang","42zIWiBU","U","Access"
"U0234","AdamLin","DnbNtezjd","U","Access"
"U0235","RoderickZhang","g7NwWa","U","Access"
"U0236","KyleLei","DdMCAWDI6","U","Access"
"U0237","AntonioLiu","XK52vIU","U","Access"
"U0238","CharlaynaLiu","jTBqz2b","U","Access"
"U0239","PaulWu","CcuECNVud","U","Access"
"U0240","JanaLei","DT9osv","U","Access"
"U0241","DaizhonHuang","35n8Lt8","U","Access"
"U0242","StephenHo","lDpI0VQ","U","Access"
"U0243","KeTsai","LP0Wxs","U","Access"
"U0244","DecarloZhang","hvy8FK49","U","Access"
"U0245","JoseLei","zJq07SpO","U","Access"
"U0246","KennethSun","aN4cUIQlER","U","Access"
"U0247","HadbaaaHuang","LvdvWNPGz","U","Access"
"U0248","AprilYeh","n1HQSzED4H","U","Access"
"U0249","JadeLu","oaHg98u","U","Access"
"U0250","DwayneChen","ZvuXXh9yN9","U","Access"
"U0251","StevenLei","a2RLq2","U","Access"
"U0252","DavantiWang","rtWph17m","U","Access"
"U0253","JacobZhang","Vx2Hg6mLpv","U","Access"
"U0254","DominiqueMa","UUYAuh","U","Access"
"U0255","MatthewHuang","9neQs4Aa","U","Access"
"U0256","HannahChang","iNc6D1WCDU","U","Access"
"U0257","CaitlynCheng","byMuAHvzy","U","Access"
"U0258","MahdeeyaCheng","i25RIqKYz","U","Access"
"U0259","KhaliaZhang","lCLWHUG","U","Access"
"U0260","KatherineWang","483WOgzGi","U","Access"
"U0261","DoraKuo","1ZZwm4EO0y","U","Access"
"U0262","PhungYeh","DI1igD","U","Access"
"U0263","MoniqueYang","lCzv9Nx0Af","U","Access"
"U0264","TrevorCheng","3BBI0JO","U","Access"
"U0265","WajeebChen","cmuC4EE","U","Access"
"U0266","RayyanaTsai","n9vgmtD","U","Access"
"U0267","GiannaLiu","PPcqCC3AQG","U","Access"
"U0268","MorganCheng","WXcu2R","U","Access"
"U0269","GabrielHuang","ROhPZTKxPT","U","Denied"
"U0270","DesireeWang","fIYvYzR","U","Access"
"U0271","DavaughnHuang","7LXQiWzGh","U","Access"
"U0272","DavidLin","SIj0FZPI3T","U","Denied"
"U0273","ElishaLiu","5TxJBsrsh","U","Access"
"U0274","LaneLin","pm9wzM8auW","U","Access"
"U0275","LenyeceLu","4z3A6JhnjW","U","Access"
"U0276","ShaniahLiu","8q1UhSMD","U","Access"
"U0277","KiaLu","4WNixgGGle","U","Access"
"U0278","AlbertoTsai","qwCPT3CqD","U","Access"
"U0279","MarkZhang","fgez8Eh5f","U","Access"
"U0280","AngeliqueCheng","T7bLEJ9","U","Access"
"U0281","SamuelKuo","Vodordzw","U","Access"
"U0282","DianaLei","VI657zYD","U","Access"
"U0283","WardiyyaHuang","gie2Z18e4","U","Access"
"U0284","JordanLu","55T6Zc","U","Access"
"U0285","TylerLin","xdzemWC","U","Access"
"U0286","BayaniChen","mLVDcEJM","U","Access"
"U0287","RavenLu","6uCSi8MEre","U","Access"
"U0288","JordanHuang","LHEoEl","U","Access"
"U0289","AaronCheng","hRAueKZb","U","Access"
"U0290","KianiYeh","5xeNee7i","U","Access"
"U0291","EuniciaHuang","tijXsTtZFW","U","Access"
"U0292","DevenCheng","6Lw038VCRx","U","Access"
"U0293","BenjaminChang","ldHdoiFw","U","Access"
"U0294","LeaLiu","4tT9UR","U","Access"
"U0295","StephanieChen","IaPEsM3rdz","U","Access"
"U0296","RebeccaSun","g6udWB","U","Access"
"U0297","JoeYeh","t4YREVyWXJ","U","Access"
"U0298","AgnesKuo","KnjwLsCH94","U","Access"
"U0299","ShakooraLiu","NtsvBn","U","Access"
"U0300","FeliciaWu","viSmUlch","U","Access"
